y,x0,x1,x2,z0,z1,j
-0.5273724940915259,0.0,1.0,-1.5264301737767965,0,1,AITKIN
-0.5273724940915259,1.0,0.0,-1.5264301737767965,1,0,AITKIN
-0.20291257757643044,1.0,0.0,-1.5264301737767965,1,0,AITKIN
-1.4280817154122816,1.0,0.0,-1.5264301737767965,1,0,AITKIN
-0.12410221367829775,1.0,0.0,-1.959884710831581,1,0,ANOKA
-0.37765828545237173,1.0,0.0,-1.959884710831581,1,0,ANOKA
-0.9705297514034031,1.0,0.0,-1.959884710831581,1,0,ANOKA
-1.4280817154122816,1.0,0.0,-1.959884710831581,1,0,ANOKA
-1.816957289128509,1.0,0.0,-1.959884710831581,1,0,ANOKA
-1.2240858231774774,1.0,0.0,-1.959884710831581,1,0,ANOKA
-1.2240858231774774,1.0,0.0,-1.959884710831581,1,0,ANOKA
-1.1335898503810466,1.0,0.0,-1.959884710831581,1,0,ANOKA
-1.0493401153015363,1.0,0.0,-1.959884710831581,1,0,ANOKA
-2.3908960221735702,1.0,0.0,-1.959884710831581,1,0,ANOKA
-1.3218289199815803,1.0,0.0,-1.959884710831581,1,0,ANOKA
0.3190550436335794,1.0,0.0,-1.959884710831581,1,0,ANOKA
-1.1335898503810466,1.0,0.0,-1.959884710831581,1,0,ANOKA
-0.581654177687176,1.0,0.0,-1.959884710831581,1,0,ANOKA
0.643514960148675,1.0,0.0,-1.959884710831581,1,0,ANOKA
-0.05007125631633122,1.0,0.0,-1.959884710831581,1,0,ANOKA
-0.7606770766650413,1.0,0.0,-1.959884710831581,1,0,ANOKA
0.5372621647179738,1.0,0.0,-1.959884710831581,1,0,ANOKA
0.7223253240468077,1.0,0.0,-1.959884710831581,1,0,ANOKA
-0.6980409467233591,1.0,0.0,-1.959884710831581,1,0,ANOKA
0.7782650347962256,1.0,0.0,-1.959884710831581,1,0,ANOKA
-0.12410221367829775,1.0,0.0,-1.959884710831581,1,0,ANOKA
0.814183412780508,1.0,0.0,-1.959884710831581,1,0,ANOKA
0.849075409690583,1.0,0.0,-1.959884710831581,1,0,ANOKA
0.9638976214196626,1.0,0.0,-1.959884710831581,1,0,ANOKA
0.4920297043373704,1.0,0.0,-1.959884710831581,1,0,ANOKA
0.3190550436335794,1.0,0.0,-1.959884710831581,1,0,ANOKA
0.2922157915704981,1.0,0.0,-1.959884710831581,1,0,ANOKA
-0.24431101028263677,1.0,0.0,-1.959884710831581,1,0,ANOKA
1.024967186924368,1.0,0.0,-1.959884710831581,1,0,ANOKA
-0.8964987940414366,1.0,0.0,-1.959884710831581,1,0,ANOKA
0.2367000130631951,1.0,0.0,-1.959884710831581,1,0,ANOKA
0.5372621647179738,1.0,0.0,-1.959884710831581,1,0,ANOKA
0.17853964919926232,1.0,0.0,-1.959884710831581,1,0,ANOKA
-0.47540138225647494,1.0,0.0,-1.959884710831581,1,0,ANOKA
-0.20291257757643044,1.0,0.0,-1.959884710831581,1,0,ANOKA
-1.0493401153015363,1.0,0.0,-1.959884710831581,1,0,ANOKA
-0.05007125631633122,1.0,0.0,-1.959884710831581,1,0,ANOKA
-0.20291257757643044,1.0,0.0,-1.959884710831581,1,0,ANOKA
-0.7606770766650413,0.0,1.0,-1.959884710831581,0,1,ANOKA
-3.014683995431792,0.0,1.0,-1.959884710831581,0,1,ANOKA
-0.42555214204331476,1.0,0.0,-1.959884710831581,1,0,ANOKA
-1.3218289199815803,0.0,1.0,-1.959884710831581,0,1,ANOKA
-0.5273724940915259,1.0,0.0,-1.959884710831581,1,0,ANOKA
-1.9800173881061522,1.0,0.0,-1.959884710831581,1,0,ANOKA
-0.8267005508346518,1.0,0.0,-1.959884710831581,1,0,ANOKA
-0.20291257757643044,1.0,0.0,-1.959884710831581,1,0,ANOKA
-0.5273724940915259,1.0,0.0,-1.959884710831581,1,0,ANOKA
-0.8267005508346518,1.0,0.0,-1.959884710831581,1,0,ANOKA
-1.0493401153015363,1.0,0.0,-1.959884710831581,1,0,ANOKA
-0.6980409467233591,1.0,0.0,-1.959884710831581,1,0,ANOKA
-0.7606770766650413,1.0,0.0,-1.959884710831581,1,0,ANOKA
-1.2240858231774774,0.0,1.0,0.049983867331474904,0,1,BECKER
0.26477336003792934,1.0,0.0,0.049983867331474904,1,0,BECKER
0.3190550436335794,0.0,1.0,0.049983867331474904,0,1,BECKER
0.7223253240468077,1.0,0.0,-1.264341950453965,1,0,BELTRAMI
0.34531706249699845,1.0,0.0,-1.264341950453965,1,0,BELTRAMI
0.6021165274424689,1.0,0.0,-1.264341950453965,1,0,BELTRAMI
-0.5273724940915259,0.0,1.0,-1.264341950453965,0,1,BELTRAMI
-2.3908960221735702,0.0,1.0,-1.264341950453965,0,1,BELTRAMI
0.34531706249699845,0.0,1.0,-1.264341950453965,0,1,BELTRAMI
0.2922157915704981,0.0,1.0,-1.264341950453965,0,1,BELTRAMI
0.7782650347962256,1.0,0.0,-0.030623251909402727,1,0,BENTON
-0.28716231265594083,1.0,0.0,-0.030623251909402727,1,0,BENTON
-0.20291257757643044,0.0,1.0,-0.030623251909402727,0,1,BENTON
-0.20291257757643044,1.0,0.0,-0.030623251909402727,1,0,BENTON
0.8829980580193753,1.0,0.0,1.4207881712553307,1,0,BIG STONE
0.44505711283059735,1.0,0.0,1.4207881712553307,1,0,BIG STONE
-0.3315721816877233,1.0,0.0,1.4207881712553307,1,0,BIG STONE
0.44505711283059735,1.0,0.0,1.1046144914954004,1,0,BLUE EARTH
1.5970430106666398,1.0,0.0,1.1046144914954004,1,0,BLUE EARTH
0.8829980580193753,1.0,0.0,1.1046144914954004,1,0,BLUE EARTH
0.814183412780508,1.0,0.0,1.1046144914954004,1,0,BLUE EARTH
1.5782559199352293,1.0,0.0,1.1046144914954004,1,0,BLUE EARTH
0.6229911692832242,0.0,1.0,1.1046144914954004,0,1,BLUE EARTH
1.2174536931937365,1.0,0.0,1.1046144914954004,1,0,BLUE EARTH
0.6636994992238764,1.0,0.0,1.1046144914954004,1,0,BLUE EARTH
0.11747008369455665,1.0,0.0,1.1046144914954004,1,0,BLUE EARTH
1.7125820623406647,0.0,1.0,1.1046144914954004,0,1,BLUE EARTH
-0.7606770766650413,1.0,0.0,1.1046144914954004,1,0,BLUE EARTH
0.8317540297492089,1.0,0.0,1.1046144914954004,1,0,BLUE EARTH
0.37102615546863077,1.0,0.0,1.1046144914954004,1,0,BLUE EARTH
1.2174536931937365,1.0,0.0,1.1046144914954004,1,0,BLUE EARTH
-0.37765828545237173,0.0,1.0,1.120951455367494,0,1,BROWN
0.7963562814087745,1.0,0.0,1.120951455367494,1,0,BROWN
0.17853964919926232,0.0,1.0,1.120951455367494,0,1,BROWN
1.2914846505557027,1.0,0.0,1.120951455367494,1,0,BROWN
-0.5273724940915259,1.0,0.0,-0.5494176223854444,1,0,CARLTON
-0.7606770766650413,1.0,0.0,-0.5494176223854444,1,0,CARLTON
-0.014673507975896612,1.0,0.0,-0.5494176223854444,1,0,CARLTON
0.5808788302069927,0.0,1.0,-0.5494176223854444,0,1,CARLTON
0.26477336003792934,1.0,0.0,-0.5494176223854444,1,0,CARLTON
0.14838659100174648,1.0,0.0,-0.5494176223854444,1,0,CARLTON
-1.1335898503810466,1.0,0.0,-0.5494176223854444,1,0,CARLTON
0.2367000130631951,1.0,0.0,-0.5494176223854444,1,0,CARLTON
-1.6731280885597575,1.0,0.0,-0.5494176223854444,1,0,CARLTON
-0.638461481234118,1.0,0.0,-0.5494176223854444,1,0,CARLTON
-0.8964987940414366,1.0,0.0,0.6232755094281293,1,0,CARVER
1.5876855946778838,1.0,0.0,0.6232755094281293,1,0,CARVER
1.7460399583094615,0.0,1.0,0.6232755094281293,0,1,CARVER
0.37102615546863077,0.0,1.0,0.6232755094281293,0,1,CARVER
1.2301080739089278,1.0,0.0,0.6232755094281293,1,0,CARVER
-4.356239902303825,0.0,1.0,0.6232755094281293,0,1,CARVER
0.08575046106006448,1.0,0.0,-1.3050602378015772,1,0,CASS
0.9160037648287193,1.0,0.0,-1.3050602378015772,1,0,CASS
-0.6980409467233591,1.0,0.0,-1.3050602378015772,1,0,CASS
0.5148553560373822,1.0,0.0,-1.3050602378015772,1,0,CASS
0.17853964919926232,1.0,0.0,-1.3050602378015772,1,0,CASS
0.9638976214196626,1.0,0.0,1.1102862373775035,1,0,CHIPPEWA
-1.0493401153015363,1.0,0.0,1.1102862373775035,1,0,CHIPPEWA
1.2794536486948003,1.0,0.0,1.1102862373775035,1,0,CHIPPEWA
1.2046668034652144,1.0,0.0,1.1102862373775035,1,0,CHIPPEWA
-1.6731280885597575,1.0,0.0,-1.6531605810565575,1,0,CHISAGO
0.2922157915704981,1.0,0.0,-1.6531605810565575,1,0,CHISAGO
0.44505711283059735,1.0,0.0,-1.6531605810565575,1,0,CHISAGO
-0.581654177687176,1.0,0.0,-1.6531605810565575,1,0,CHISAGO
-0.8267005508346518,1.0,0.0,-1.6531605810565575,1,0,CHISAGO
1.024967186924368,1.0,0.0,-1.6531605810565575,1,0,CHISAGO
-1.5444684844484646,0.0,1.0,1.3022657898144314,0,1,CLAY
1.5876855946778838,1.0,0.0,1.3022657898144314,1,0,CLAY
-0.3315721816877233,1.0,0.0,1.3022657898144314,1,0,CLAY
0.019726986890453622,0.0,1.0,1.3022657898144314,0,1,CLAY
2.466555107505246,1.0,0.0,1.3022657898144314,1,0,CLAY
-0.9705297514034031,1.0,0.0,1.3022657898144314,1,0,CLAY
1.5970430106666398,1.0,0.0,1.3022657898144314,1,0,CLAY
1.1249992006332123,1.0,0.0,1.3022657898144314,1,0,CLAY
2.089060201541733,1.0,0.0,1.3022657898144314,1,0,CLAY
-0.37765828545237173,0.0,1.0,1.3022657898144314,0,1,CLAY
1.1521366910201962,1.0,0.0,1.3022657898144314,1,0,CLAY
1.6063292669099636,1.0,0.0,1.3022657898144314,1,0,CLAY
0.05318488285925064,1.0,0.0,1.3022657898144314,1,0,CLAY
0.8317540297492089,0.0,1.0,1.3022657898144314,0,1,CLAY
0.39620512609152125,0.0,1.0,0.19677825233578908,0,1,CLEARWATER
-0.014673507975896612,1.0,0.0,0.19677825233578908,1,0,CLEARWATER
-1.5444684844484646,0.0,1.0,0.19677825233578908,0,1,CLEARWATER
-0.014673507975896612,1.0,0.0,0.19677825233578908,1,0,CLEARWATER
-0.28716231265594083,1.0,0.0,-1.0223523740166063,1,0,COOK
-1.0493401153015363,1.0,0.0,-1.0223523740166063,1,0,COOK
0.814183412780508,1.0,0.0,1.2907057761999108,1,0,COTTONWOOD
1.4056927627942701,0.0,1.0,1.2907057761999108,0,1,COTTONWOOD
-4.356239902303825,0.0,1.0,1.2907057761999108,0,1,COTTONWOOD
-0.37765828545237173,0.0,1.0,1.2907057761999108,0,1,COTTONWOOD
-0.7606770766650413,1.0,0.0,-1.373997903109307,1,0,CROW WING
-0.8964987940414366,1.0,0.0,-1.373997903109307,1,0,CROW WING
-1.4280817154122816,0.0,1.0,-1.373997903109307,0,1,CROW WING
-1.5444684844484646,1.0,0.0,-1.373997903109307,1,0,CROW WING
-0.20291257757643044,1.0,0.0,-1.373997903109307,1,0,CROW WING
0.2922157915704981,1.0,0.0,-1.373997903109307,1,0,CROW WING
-0.9705297514034031,1.0,0.0,-1.373997903109307,1,0,CROW WING
0.20796605649098746,1.0,0.0,-1.373997903109307,1,0,CROW WING
-0.37765828545237173,0.0,1.0,-1.373997903109307,0,1,CROW WING
0.7963562814087745,0.0,1.0,-1.373997903109307,0,1,CROW WING
0.26477336003792934,1.0,0.0,-1.373997903109307,1,0,CROW WING
0.5592652250691647,1.0,0.0,-1.373997903109307,1,0,CROW WING
0.05318488285925064,1.0,0.0,0.2945946478652902,1,0,DAKOTA
-0.24431101028263677,1.0,0.0,0.2945946478652902,1,0,DAKOTA
1.7377610329635556,1.0,0.0,0.2945946478652902,1,0,DAKOTA
0.7963562814087745,1.0,0.0,0.2945946478652902,1,0,DAKOTA
1.009983725184311,1.0,0.0,0.2945946478652902,1,0,DAKOTA
-0.3315721816877233,1.0,0.0,0.2945946478652902,1,0,DAKOTA
-0.24431101028263677,0.0,1.0,0.2945946478652902,0,1,DAKOTA
0.2922157915704981,1.0,0.0,0.2945946478652902,1,0,DAKOTA
-0.8267005508346518,0.0,1.0,0.2945946478652902,0,1,DAKOTA
-0.638461481234118,1.0,0.0,0.2945946478652902,1,0,DAKOTA
-0.638461481234118,1.0,0.0,0.2945946478652902,1,0,DAKOTA
-0.9705297514034031,1.0,0.0,0.2945946478652902,1,0,DAKOTA
1.2301080739089278,1.0,0.0,0.2945946478652902,1,0,DAKOTA
1.024967186924368,1.0,0.0,0.2945946478652902,1,0,DAKOTA
0.019726986890453622,1.0,0.0,0.2945946478652902,1,0,DAKOTA
-1.6731280885597575,0.0,1.0,0.2945946478652902,0,1,DAKOTA
0.4687692522727338,1.0,0.0,0.2945946478652902,1,0,DAKOTA
-0.08652580854024756,1.0,0.0,0.2945946478652902,1,0,DAKOTA
1.3725376905867643,1.0,0.0,0.2945946478652902,1,0,DAKOTA
1.0397690264716088,1.0,0.0,0.2945946478652902,1,0,DAKOTA
0.7223253240468077,1.0,0.0,0.2945946478652902,1,0,DAKOTA
0.39620512609152125,1.0,0.0,0.2945946478652902,1,0,DAKOTA
0.6636994992238764,1.0,0.0,0.2945946478652902,1,0,DAKOTA
-1.3218289199815803,1.0,0.0,0.2945946478652902,1,0,DAKOTA
1.1112008977630348,1.0,0.0,0.2945946478652902,1,0,DAKOTA
1.1249992006332123,1.0,0.0,0.2945946478652902,1,0,DAKOTA
0.814183412780508,1.0,0.0,0.2945946478652902,1,0,DAKOTA
-0.47540138225647494,1.0,0.0,0.2945946478652902,1,0,DAKOTA
-0.8964987940414366,1.0,0.0,0.2945946478652902,1,0,DAKOTA
-0.24431101028263677,1.0,0.0,0.2945946478652902,1,0,DAKOTA
0.7599017291848579,1.0,0.0,0.2945946478652902,1,0,DAKOTA
-0.8267005508346518,1.0,0.0,0.2945946478652902,1,0,DAKOTA
0.34531706249699845,1.0,0.0,0.2945946478652902,1,0,DAKOTA
-0.05007125631633122,1.0,0.0,0.2945946478652902,1,0,DAKOTA
0.2922157915704981,1.0,0.0,0.2945946478652902,1,0,DAKOTA
2.1906313165626172,1.0,0.0,0.2945946478652902,1,0,DAKOTA
1.165482581358685,1.0,0.0,0.2945946478652902,1,0,DAKOTA
-1.5444684844484646,1.0,0.0,0.2945946478652902,1,0,DAKOTA
0.42087539568179066,1.0,0.0,0.2945946478652902,1,0,DAKOTA
0.44505711283059735,1.0,0.0,0.2945946478652902,1,0,DAKOTA
-1.3218289199815803,1.0,0.0,0.2945946478652902,1,0,DAKOTA
0.9481407987853919,1.0,0.0,0.2945946478652902,1,0,DAKOTA
0.5372621647179738,1.0,0.0,0.2945946478652902,1,0,DAKOTA
0.05318488285925064,1.0,0.0,0.2945946478652902,1,0,DAKOTA
0.42087539568179066,1.0,0.0,0.2945946478652902,1,0,DAKOTA
0.37102615546863077,1.0,0.0,0.2945946478652902,1,0,DAKOTA
-1.0493401153015363,1.0,0.0,0.2945946478652902,1,0,DAKOTA
-0.014673507975896612,1.0,0.0,0.2945946478652902,1,0,DAKOTA
0.2367000130631951,1.0,0.0,0.2945946478652902,1,0,DAKOTA
-0.37765828545237173,1.0,0.0,0.2945946478652902,1,0,DAKOTA
-1.0493401153015363,1.0,0.0,0.2945946478652902,1,0,DAKOTA
-1.0493401153015363,1.0,0.0,0.2945946478652902,1,0,DAKOTA
-0.6980409467233591,1.0,0.0,0.2945946478652902,1,0,DAKOTA
0.39620512609152125,1.0,0.0,0.2945946478652902,1,0,DAKOTA
-1.0493401153015363,0.0,1.0,0.2945946478652902,0,1,DAKOTA
0.11747008369455665,1.0,0.0,0.2945946478652902,1,0,DAKOTA
1.1249992006332123,1.0,0.0,0.2945946478652902,1,0,DAKOTA
0.26477336003792934,1.0,0.0,0.2945946478652902,1,0,DAKOTA
0.2922157915704981,1.0,0.0,0.2945946478652902,1,0,DAKOTA
0.3190550436335794,1.0,0.0,0.2945946478652902,1,0,DAKOTA
-0.5273724940915259,1.0,0.0,0.2945946478652902,1,0,DAKOTA
-2.1682564577066863,1.0,0.0,0.2945946478652902,1,0,DAKOTA
0.6229911692832242,1.0,0.0,0.2945946478652902,1,0,DAKOTA
0.5372621647179738,1.0,0.0,1.0833664372508094,1,0,DODGE
0.8829980580193753,1.0,0.0,1.0833664372508094,1,0,DODGE
0.6021165274424689,1.0,0.0,1.0833664372508094,1,0,DODGE
0.9160037648287193,1.0,0.0,0.7871856179597727,1,0,DOUGLAS
0.39620512609152125,1.0,0.0,0.7871856179597727,1,0,DOUGLAS
0.814183412780508,1.0,0.0,0.7871856179597727,1,0,DOUGLAS
0.741258056952778,1.0,0.0,0.7871856179597727,1,0,DOUGLAS
0.08575046106006448,0.0,1.0,0.7871856179597727,0,1,DOUGLAS
0.5592652250691647,1.0,0.0,0.7871856179597727,1,0,DOUGLAS
0.9794537147346432,1.0,0.0,0.7871856179597727,1,0,DOUGLAS
0.2922157915704981,1.0,0.0,0.7871856179597727,1,0,DOUGLAS
-0.28716231265594083,1.0,0.0,0.7871856179597727,1,0,DOUGLAS
-0.014673507975896612,1.0,0.0,1.1687332349579767,1,0,FARIBAULT
0.2367000130631951,1.0,0.0,1.1687332349579767,1,0,FARIBAULT
-0.47540138225647494,1.0,0.0,1.1687332349579767,1,0,FARIBAULT
-1.1335898503810466,0.0,1.0,1.1687332349579767,0,1,FARIBAULT
0.4920297043373704,1.0,0.0,1.1687332349579767,1,0,FARIBAULT
-3.5098123645787203,1.0,0.0,1.1687332349579767,1,0,FARIBAULT
-0.37765828545237173,0.0,1.0,1.4970823808960951,0,1,FILLMORE
-0.08652580854024756,1.0,0.0,1.4970823808960951,1,0,FILLMORE
-0.08652580854024756,1.0,0.0,0.9747777903764487,1,0,FREEBORN
1.2301080739089278,1.0,0.0,0.9747777903764487,1,0,FREEBORN
0.2367000130631951,1.0,0.0,0.9747777903764487,1,0,FREEBORN
1.1521366910201962,1.0,0.0,0.9747777903764487,1,0,FREEBORN
0.7223253240468077,1.0,0.0,0.9747777903764487,1,0,FREEBORN
2.7140935974587994,1.0,0.0,0.9747777903764487,1,0,FREEBORN
1.615545437532632,1.0,0.0,0.9747777903764487,1,0,FREEBORN
-0.5273724940915259,0.0,1.0,0.9747777903764487,0,1,FREEBORN
0.5808788302069927,0.0,1.0,0.9747777903764487,0,1,FREEBORN
1.7125820623406647,1.0,0.0,0.8991973499046738,1,0,GOODHUE
0.8317540297492089,0.0,1.0,0.8991973499046738,0,1,GOODHUE
0.9481407987853919,1.0,0.0,0.8991973499046738,1,0,GOODHUE
1.2550300983317868,0.0,1.0,0.8991973499046738,0,1,GOODHUE
-0.3315721816877233,1.0,0.0,0.8991973499046738,1,0,GOODHUE
3.065392766036976,1.0,0.0,0.8991973499046738,1,0,GOODHUE
0.42087539568179066,1.0,0.0,0.8991973499046738,1,0,GOODHUE
0.42087539568179066,1.0,0.0,0.8991973499046738,1,0,GOODHUE
0.019726986890453622,1.0,0.0,0.8991973499046738,1,0,GOODHUE
0.39620512609152125,1.0,0.0,0.8991973499046738,1,0,GOODHUE
0.5808788302069927,1.0,0.0,0.8991973499046738,1,0,GOODHUE
0.019726986890453622,1.0,0.0,0.8991973499046738,1,0,GOODHUE
0.14838659100174648,1.0,0.0,0.8991973499046738,1,0,GOODHUE
0.7963562814087745,1.0,0.0,0.8991973499046738,1,0,GOODHUE
0.9948141287268519,1.0,0.0,0.09637330237005726,1,0,HENNEPIN
-0.05007125631633122,1.0,0.0,0.09637330237005726,1,0,HENNEPIN
-0.581654177687176,0.0,1.0,0.09637330237005726,0,1,HENNEPIN
-0.8964987940414366,1.0,0.0,0.09637330237005726,1,0,HENNEPIN
0.17853964919926232,1.0,0.0,0.09637330237005726,1,0,HENNEPIN
-0.7606770766650413,1.0,0.0,0.09637330237005726,1,0,HENNEPIN
-0.37765828545237173,1.0,0.0,0.09637330237005726,1,0,HENNEPIN
1.416547383697827,1.0,0.0,0.09637330237005726,1,0,HENNEPIN
-0.3315721816877233,1.0,0.0,0.09637330237005726,1,0,HENNEPIN
0.14838659100174648,1.0,0.0,0.09637330237005726,1,0,HENNEPIN
0.9160037648287193,1.0,0.0,0.09637330237005726,1,0,HENNEPIN
-1.1335898503810466,1.0,0.0,0.09637330237005726,1,0,HENNEPIN
-1.5444684844484646,1.0,0.0,0.09637330237005726,1,0,HENNEPIN
-2.3908960221735702,1.0,0.0,0.09637330237005726,1,0,HENNEPIN
-0.37765828545237173,0.0,1.0,0.09637330237005726,0,1,HENNEPIN
0.6636994992238764,1.0,0.0,0.09637330237005726,1,0,HENNEPIN
-0.638461481234118,1.0,0.0,0.09637330237005726,1,0,HENNEPIN
0.5372621647179738,1.0,0.0,0.09637330237005726,1,0,HENNEPIN
-0.16287171789625993,1.0,0.0,0.09637330237005726,1,0,HENNEPIN
-0.20291257757643044,1.0,0.0,0.09637330237005726,1,0,HENNEPIN
0.5592652250691647,1.0,0.0,0.09637330237005726,1,0,HENNEPIN
0.20796605649098746,1.0,0.0,0.09637330237005726,1,0,HENNEPIN
0.14838659100174648,1.0,0.0,0.09637330237005726,1,0,HENNEPIN
1.762431302553825,1.0,0.0,0.09637330237005726,1,0,HENNEPIN
0.8829980580193753,1.0,0.0,0.09637330237005726,1,0,HENNEPIN
-0.47540138225647494,1.0,0.0,0.09637330237005726,1,0,HENNEPIN
-0.24431101028263677,0.0,1.0,0.09637330237005726,0,1,HENNEPIN
0.2922157915704981,1.0,0.0,0.09637330237005726,1,0,HENNEPIN
-0.9705297514034031,1.0,0.0,0.09637330237005726,1,0,HENNEPIN
1.0972448965893973,1.0,0.0,0.09637330237005726,1,0,HENNEPIN
0.5808788302069927,1.0,0.0,0.09637330237005726,1,0,HENNEPIN
1.0972448965893973,1.0,0.0,0.09637330237005726,1,0,HENNEPIN
0.11747008369455665,1.0,0.0,0.09637330237005726,1,0,HENNEPIN
-0.7606770766650413,1.0,0.0,0.09637330237005726,1,0,HENNEPIN
-0.6980409467233591,1.0,0.0,0.09637330237005726,1,0,HENNEPIN
0.5592652250691647,1.0,0.0,0.09637330237005726,1,0,HENNEPIN
-0.37765828545237173,1.0,0.0,0.09637330237005726,1,0,HENNEPIN
-1.6731280885597575,0.0,1.0,0.09637330237005726,0,1,HENNEPIN
-0.581654177687176,1.0,0.0,0.09637330237005726,1,0,HENNEPIN
-0.24431101028263677,1.0,0.0,0.09637330237005726,1,0,HENNEPIN
0.14838659100174648,1.0,0.0,0.09637330237005726,1,0,HENNEPIN
0.26477336003792934,1.0,0.0,0.09637330237005726,1,0,HENNEPIN
0.37102615546863077,1.0,0.0,0.09637330237005726,1,0,HENNEPIN
-0.24431101028263677,1.0,0.0,0.09637330237005726,1,0,HENNEPIN
0.20796605649098746,1.0,0.0,0.09637330237005726,1,0,HENNEPIN
-0.8964987940414366,1.0,0.0,0.09637330237005726,1,0,HENNEPIN
0.26477336003792934,1.0,0.0,0.09637330237005726,1,0,HENNEPIN
-1.816957289128509,0.0,1.0,0.09637330237005726,0,1,HENNEPIN
0.5592652250691647,1.0,0.0,0.09637330237005726,1,0,HENNEPIN
-0.05007125631633122,0.0,1.0,0.09637330237005726,0,1,HENNEPIN
0.5592652250691647,1.0,0.0,0.09637330237005726,1,0,HENNEPIN
-0.37765828545237173,1.0,0.0,0.09637330237005726,1,0,HENNEPIN
-0.28716231265594083,1.0,0.0,0.09637330237005726,1,0,HENNEPIN
1.0688450860888188,1.0,0.0,0.09637330237005726,1,0,HENNEPIN
-0.05007125631633122,1.0,0.0,0.09637330237005726,1,0,HENNEPIN
-0.08652580854024756,1.0,0.0,0.09637330237005726,1,0,HENNEPIN
1.0972448965893973,1.0,0.0,0.09637330237005726,1,0,HENNEPIN
-0.8267005508346518,1.0,0.0,0.09637330237005726,1,0,HENNEPIN
0.6021165274424689,1.0,0.0,0.09637330237005726,1,0,HENNEPIN
1.5970430106666398,1.0,0.0,0.09637330237005726,1,0,HENNEPIN
-0.28716231265594083,1.0,0.0,0.09637330237005726,1,0,HENNEPIN
0.37102615546863077,1.0,0.0,0.09637330237005726,1,0,HENNEPIN
0.5808788302069927,1.0,0.0,0.09637330237005726,1,0,HENNEPIN
1.6694278610916546,1.0,0.0,0.09637330237005726,1,0,HENNEPIN
0.9481407987853919,0.0,1.0,0.09637330237005726,0,1,HENNEPIN
0.6021165274424689,1.0,0.0,0.09637330237005726,1,0,HENNEPIN
0.34531706249699845,1.0,0.0,0.09637330237005726,1,0,HENNEPIN
0.9481407987853919,1.0,0.0,0.09637330237005726,1,0,HENNEPIN
-0.3315721816877233,1.0,0.0,0.09637330237005726,1,0,HENNEPIN
0.3190550436335794,1.0,0.0,0.09637330237005726,1,0,HENNEPIN
0.643514960148675,1.0,0.0,0.09637330237005726,1,0,HENNEPIN
-0.5273724940915259,1.0,0.0,0.09637330237005726,1,0,HENNEPIN
-0.42555214204331476,1.0,0.0,0.09637330237005726,1,0,HENNEPIN
0.17853964919926232,1.0,0.0,0.09637330237005726,1,0,HENNEPIN
0.34531706249699845,1.0,0.0,0.09637330237005726,1,0,HENNEPIN
0.34531706249699845,1.0,0.0,0.09637330237005726,1,0,HENNEPIN
1.3836897024430794,1.0,0.0,0.09637330237005726,1,0,HENNEPIN
0.9481407987853919,1.0,0.0,0.09637330237005726,1,0,HENNEPIN
-0.16287171789625993,1.0,0.0,0.09637330237005726,1,0,HENNEPIN
-0.9705297514034031,1.0,0.0,0.09637330237005726,1,0,HENNEPIN
-0.8964987940414366,0.0,1.0,0.09637330237005726,0,1,HENNEPIN
1.886196564196715,1.0,0.0,0.09637330237005726,1,0,HENNEPIN
-0.12410221367829775,1.0,0.0,0.09637330237005726,1,0,HENNEPIN
0.4687692522727338,1.0,0.0,0.09637330237005726,1,0,HENNEPIN
0.42087539568179066,1.0,0.0,0.09637330237005726,1,0,HENNEPIN
0.6636994992238764,1.0,0.0,0.09637330237005726,1,0,HENNEPIN
-1.5444684844484646,0.0,1.0,0.09637330237005726,0,1,HENNEPIN
-0.7606770766650413,1.0,0.0,0.09637330237005726,1,0,HENNEPIN
0.14838659100174648,1.0,0.0,0.09637330237005726,1,0,HENNEPIN
0.5808788302069927,1.0,0.0,0.09637330237005726,1,0,HENNEPIN
-2.3908960221735702,0.0,1.0,0.09637330237005726,0,1,HENNEPIN
-0.3315721816877233,1.0,0.0,0.09637330237005726,1,0,HENNEPIN
0.05318488285925064,1.0,0.0,0.09637330237005726,1,0,HENNEPIN
0.703094425637916,1.0,0.0,0.09637330237005726,1,0,HENNEPIN
2.321009621606678,1.0,0.0,0.09637330237005726,1,0,HENNEPIN
0.14838659100174648,1.0,0.0,0.09637330237005726,1,0,HENNEPIN
-0.20291257757643044,1.0,0.0,0.09637330237005726,1,0,HENNEPIN
-0.16287171789625993,1.0,0.0,0.09637330237005726,1,0,HENNEPIN
0.37102615546863077,1.0,0.0,0.09637330237005726,1,0,HENNEPIN
-0.16287171789625993,1.0,0.0,0.09637330237005726,1,0,HENNEPIN
0.2367000130631951,1.0,0.0,0.09637330237005726,1,0,HENNEPIN
0.11747008369455665,1.0,0.0,0.09637330237005726,1,0,HENNEPIN
-0.16287171789625993,1.0,0.0,0.09637330237005726,1,0,HENNEPIN
0.26477336003792934,1.0,0.0,0.09637330237005726,1,0,HENNEPIN
-0.20291257757643044,0.0,1.0,0.09637330237005726,0,1,HENNEPIN
-0.014673507975896612,1.0,0.0,1.7397809261356103,1,0,HOUSTON
1.0831275507883005,1.0,0.0,1.7397809261356103,1,0,HOUSTON
1.1521366910201962,1.0,0.0,1.7397809261356103,1,0,HOUSTON
0.39620512609152125,0.0,1.0,1.7397809261356103,0,1,HOUSTON
0.05318488285925064,1.0,0.0,1.7397809261356103,1,0,HOUSTON
-0.5273724940915259,0.0,1.0,1.7397809261356103,0,1,HOUSTON
-0.24431101028263677,0.0,1.0,-0.7364259409943207,0,1,HUBBARD
-1.6731280885597575,0.0,1.0,-0.7364259409943207,0,1,HUBBARD
-0.9705297514034031,1.0,0.0,-0.7364259409943207,1,0,HUBBARD
0.34531706249699845,1.0,0.0,-0.7364259409943207,1,0,HUBBARD
0.08575046106006448,0.0,1.0,-0.7364259409943207,0,1,HUBBARD
0.05318488285925064,1.0,0.0,-1.698493349306934,1,0,ISANTI
-0.16287171789625993,1.0,0.0,-1.698493349306934,1,0,ISANTI
-0.5273724940915259,1.0,0.0,-1.698493349306934,1,0,ISANTI
-0.6980409467233591,1.0,0.0,-1.4560434953470975,1,0,ITASCA
-0.3315721816877233,1.0,0.0,-1.4560434953470975,1,0,ITASCA
-0.7606770766650413,1.0,0.0,-1.4560434953470975,1,0,ITASCA
-0.42555214204331476,1.0,0.0,-1.4560434953470975,1,0,ITASCA
0.26477336003792934,1.0,0.0,-1.4560434953470975,1,0,ITASCA
-0.3315721816877233,1.0,0.0,-1.4560434953470975,1,0,ITASCA
-1.3218289199815803,1.0,0.0,-1.4560434953470975,1,0,ITASCA
-0.05007125631633122,1.0,0.0,-1.4560434953470975,1,0,ITASCA
-0.37765828545237173,1.0,0.0,-1.4560434953470975,1,0,ITASCA
1.2046668034652144,1.0,0.0,-1.4560434953470975,1,0,ITASCA
-1.1335898503810466,1.0,0.0,-1.4560434953470975,1,0,ITASCA
1.0688450860888188,1.0,0.0,1.207063183478517,1,0,JACKSON
0.44505711283059735,1.0,0.0,1.207063183478517,1,0,JACKSON
-0.20291257757643044,1.0,0.0,1.207063183478517,1,0,JACKSON
1.6063292669099636,1.0,0.0,1.207063183478517,1,0,JACKSON
1.7945683365104976,1.0,0.0,1.207063183478517,1,0,JACKSON
-0.7606770766650413,1.0,0.0,0.21451025573413235,1,0,KANABEC
0.11747008369455665,1.0,0.0,0.21451025573413235,1,0,KANABEC
0.9948141287268519,1.0,0.0,0.21451025573413235,1,0,KANABEC
-0.3315721816877233,1.0,0.0,0.21451025573413235,1,0,KANABEC
1.4273063679320985,1.0,0.0,0.661257996410983,1,0,KANDIYOHI
0.20796605649098746,1.0,0.0,0.661257996410983,1,0,KANDIYOHI
1.5299833575539512,1.0,0.0,0.661257996410983,1,0,KANDIYOHI
0.7963562814087745,1.0,0.0,0.661257996410983,1,0,KANDIYOHI
0.8317540297492089,1.0,0.0,0.339351311832804,1,0,KITTSON
0.3190550436335794,0.0,1.0,0.339351311832804,0,1,KITTSON
-1.5444684844484646,0.0,1.0,0.339351311832804,0,1,KITTSON
-0.8267005508346518,1.0,0.0,-2.054416778859962,1,0,KOOCHICHING
-1.0493401153015363,1.0,0.0,-2.054416778859962,1,0,KOOCHICHING
-0.638461481234118,0.0,1.0,-2.054416778859962,0,1,KOOCHICHING
-1.4280817154122816,0.0,1.0,-2.054416778859962,0,1,KOOCHICHING
-1.4280817154122816,1.0,0.0,-2.054416778859962,1,0,KOOCHICHING
-0.24431101028263677,0.0,1.0,-2.054416778859962,0,1,KOOCHICHING
-1.1335898503810466,0.0,1.0,-2.054416778859962,0,1,KOOCHICHING
1.4273063679320985,0.0,1.0,1.212567029190816,0,1,LAC QUI PARLE
1.8488500201061475,1.0,0.0,1.212567029190816,1,0,LAC QUI PARLE
-1.1335898503810466,0.0,1.0,-1.533410757022008,0,1,LAKE
-1.1335898503810466,1.0,0.0,-1.533410757022008,1,0,LAKE
-0.8964987940414366,1.0,0.0,-1.533410757022008,1,0,LAKE
-1.5444684844484646,1.0,0.0,-1.533410757022008,1,0,LAKE
-0.24431101028263677,1.0,0.0,-1.533410757022008,1,0,LAKE
-2.1682564577066863,1.0,0.0,-1.533410757022008,1,0,LAKE
-0.9705297514034031,1.0,0.0,-1.533410757022008,1,0,LAKE
0.8661545246155593,1.0,0.0,-1.533410757022008,1,0,LAKE
-2.1682564577066863,1.0,0.0,-1.533410757022008,1,0,LAKE
1.2914846505557027,1.0,0.0,-1.5063309236190272,1,0,LAKE OF THE WOODS
0.26477336003792934,0.0,1.0,-1.5063309236190272,0,1,LAKE OF THE WOODS
-0.05007125631633122,1.0,0.0,-1.5063309236190272,1,0,LAKE OF THE WOODS
-0.20291257757643044,0.0,1.0,-1.5063309236190272,0,1,LAKE OF THE WOODS
1.5495219633630215,1.0,0.0,0.8932736048602379,1,0,LE SUEUR
0.2367000130631951,0.0,1.0,0.8932736048602379,0,1,LE SUEUR
0.3190550436335794,1.0,0.0,0.8932736048602379,1,0,LE SUEUR
0.14838659100174648,1.0,0.0,0.8932736048602379,1,0,LE SUEUR
-0.05007125631633122,1.0,0.0,0.8932736048602379,1,0,LE SUEUR
1.957628435488141,1.0,0.0,1.5792187717393442,1,0,LINCOLN
1.349923399650785,1.0,0.0,1.5792187717393442,1,0,LINCOLN
0.9948141287268519,1.0,0.0,1.5792187717393442,1,0,LINCOLN
0.019726986890453622,0.0,1.0,1.5792187717393442,0,1,LINCOLN
0.7599017291848579,1.0,0.0,1.4418157348347866,1,0,LYON
0.8317540297492089,0.0,1.0,1.4418157348347866,0,1,LYON
0.4687692522727338,1.0,0.0,1.4418157348347866,1,0,LYON
1.5000764714792625,1.0,0.0,1.4418157348347866,1,0,LYON
0.4687692522727338,1.0,0.0,1.4418157348347866,1,0,LYON
1.1386433292956037,1.0,0.0,1.4418157348347866,1,0,LYON
0.6229911692832242,1.0,0.0,1.4418157348347866,1,0,LYON
0.34531706249699845,1.0,0.0,1.4418157348347866,1,0,LYON
0.14838659100174648,1.0,0.0,0.7704462344494346,1,0,MAHNOMEN
-0.9705297514034031,0.0,1.0,0.39842196337107066,0,1,MARSHALL
2.331271335869334,1.0,0.0,0.39842196337107066,1,0,MARSHALL
-1.5444684844484646,0.0,1.0,0.39842196337107066,0,1,MARSHALL
-1.0493401153015363,0.0,1.0,0.39842196337107066,0,1,MARSHALL
-1.3218289199815803,0.0,1.0,0.39842196337107066,0,1,MARSHALL
-0.24431101028263677,1.0,0.0,0.39842196337107066,1,0,MARSHALL
3.190405926978182,1.0,0.0,0.39842196337107066,1,0,MARSHALL
-1.5444684844484646,0.0,1.0,0.39842196337107066,0,1,MARSHALL
1.0543935942160931,1.0,0.0,0.39842196337107066,1,0,MARSHALL
0.20796605649098746,1.0,0.0,0.8149829679221707,1,0,MARTIN
-2.1682564577066863,0.0,1.0,0.8149829679221707,0,1,MARTIN
0.7963562814087745,1.0,0.0,0.8149829679221707,1,0,MARTIN
0.9321779987851696,1.0,0.0,0.8149829679221707,1,0,MARTIN
1.1786841889757738,1.0,0.0,0.8149829679221707,1,0,MARTIN
-2.1682564577066863,1.0,0.0,0.8149829679221707,1,0,MARTIN
-0.9705297514034031,1.0,0.0,0.8149829679221707,1,0,MARTIN
1.3151967899978396,1.0,0.0,0.7453103528076782,1,0,MCLEOD
0.14838659100174648,1.0,0.0,0.7453103528076782,1,0,MCLEOD
-0.7606770766650413,1.0,0.0,0.7453103528076782,1,0,MCLEOD
1.2673029334068966,1.0,0.0,0.7453103528076782,1,0,MCLEOD
-0.47540138225647494,1.0,0.0,0.7453103528076782,1,0,MCLEOD
0.2922157915704981,1.0,0.0,0.7453103528076782,1,0,MCLEOD
-0.24431101028263677,1.0,0.0,0.7453103528076782,1,0,MCLEOD
-1.3218289199815803,0.0,1.0,0.7453103528076782,0,1,MCLEOD
-1.2240858231774774,1.0,0.0,0.7453103528076782,1,0,MCLEOD
-0.8964987940414366,0.0,1.0,0.7453103528076782,0,1,MCLEOD
2.4104009929608528,0.0,1.0,0.7453103528076782,0,1,MCLEOD
-4.356239902303825,0.0,1.0,0.7453103528076782,0,1,MCLEOD
1.349923399650785,1.0,0.0,0.7453103528076782,1,0,MCLEOD
-0.47540138225647494,1.0,0.0,0.4263193523987813,1,0,MEEKER
0.14838659100174648,1.0,0.0,0.4263193523987813,1,0,MEEKER
0.8829980580193753,1.0,0.0,0.4263193523987813,1,0,MEEKER
-0.581654177687176,1.0,0.0,0.4263193523987813,1,0,MEEKER
-0.08652580854024756,1.0,0.0,0.4263193523987813,1,0,MEEKER
-2.1682564577066863,0.0,1.0,-0.21458481401667606,0,1,MILLE LACS
0.6021165274424689,1.0,0.0,-0.21458481401667606,1,0,MILLE LACS
-1.0493401153015363,1.0,0.0,0.1053952997049311,1,0,MORRISON
-0.581654177687176,1.0,0.0,0.1053952997049311,1,0,MORRISON
0.2922157915704981,1.0,0.0,0.1053952997049311,1,0,MORRISON
-0.42555214204331476,1.0,0.0,0.1053952997049311,1,0,MORRISON
0.42087539568179066,1.0,0.0,0.1053952997049311,1,0,MORRISON
-0.16287171789625993,0.0,1.0,0.1053952997049311,0,1,MORRISON
-0.16287171789625993,1.0,0.0,0.1053952997049311,1,0,MORRISON
-0.24431101028263677,1.0,0.0,0.1053952997049311,1,0,MORRISON
0.14838659100174648,1.0,0.0,0.1053952997049311,1,0,MORRISON
1.3836897024430794,1.0,0.0,1.0753609985885637,1,0,MOWER
0.741258056952778,1.0,0.0,1.0753609985885637,1,0,MOWER
-0.638461481234118,1.0,0.0,1.0753609985885637,1,0,MOWER
-0.16287171789625993,1.0,0.0,1.0753609985885637,1,0,MOWER
0.3190550436335794,1.0,0.0,1.0753609985885637,1,0,MOWER
-0.581654177687176,1.0,0.0,1.0753609985885637,1,0,MOWER
1.009983725184311,1.0,0.0,1.0753609985885637,1,0,MOWER
-1.1335898503810466,0.0,1.0,1.0753609985885637,0,1,MOWER
1.1786841889757738,1.0,0.0,1.0753609985885637,1,0,MOWER
-1.3218289199815803,0.0,1.0,1.0753609985885637,0,1,MOWER
1.349923399650785,1.0,0.0,1.0753609985885637,1,0,MOWER
2.341447534852546,1.0,0.0,1.0753609985885637,1,0,MOWER
1.165482581358685,1.0,0.0,1.0753609985885637,1,0,MOWER
1.510127036948982,1.0,0.0,1.4530873047003077,1,0,MURRAY
1.024967186924368,1.0,0.0,1.0400701177604523,1,0,NICOLLET
1.3725376905867643,1.0,0.0,1.0400701177604523,1,0,NICOLLET
0.2367000130631951,1.0,0.0,1.0400701177604523,1,0,NICOLLET
1.825881252459749,1.0,0.0,1.0400701177604523,1,0,NICOLLET
0.5372621647179738,1.0,0.0,1.4711683031370528,1,0,NOBLES
0.703094425637916,1.0,0.0,1.4711683031370528,1,0,NOBLES
1.2426326638166267,1.0,0.0,1.4711683031370528,1,0,NOBLES
1.024967186924368,1.0,0.0,1.0871083207585845,1,0,NORMAN
-0.8964987940414366,1.0,0.0,1.0871083207585845,1,0,NORMAN
-0.8964987940414366,0.0,1.0,1.0871083207585845,0,1,NORMAN
0.741258056952778,1.0,0.0,1.0266588516586546,1,0,OLMSTED
0.2922157915704981,1.0,0.0,1.0266588516586546,1,0,OLMSTED
1.416547383697827,1.0,0.0,1.0266588516586546,1,0,OLMSTED
1.2794536486948003,1.0,0.0,1.0266588516586546,1,0,OLMSTED
0.3190550436335794,1.0,0.0,1.0266588516586546,1,0,OLMSTED
1.009983725184311,1.0,0.0,1.0266588516586546,1,0,OLMSTED
-0.47540138225647494,1.0,0.0,1.0266588516586546,1,0,OLMSTED
-0.08652580854024756,1.0,0.0,1.0266588516586546,1,0,OLMSTED
0.44505711283059735,1.0,0.0,1.0266588516586546,1,0,OLMSTED
0.20796605649098746,1.0,0.0,1.0266588516586546,1,0,OLMSTED
-1.3218289199815803,1.0,0.0,1.0266588516586546,1,0,OLMSTED
-0.638461481234118,1.0,0.0,1.0266588516586546,1,0,OLMSTED
-1.3218289199815803,0.0,1.0,1.0266588516586546,0,1,OLMSTED
-0.20291257757643044,1.0,0.0,1.0266588516586546,1,0,OLMSTED
-0.581654177687176,1.0,0.0,1.0266588516586546,1,0,OLMSTED
0.9794537147346432,1.0,0.0,1.0266588516586546,1,0,OLMSTED
0.11747008369455665,1.0,0.0,1.0266588516586546,1,0,OLMSTED
-0.37765828545237173,1.0,0.0,1.0266588516586546,1,0,OLMSTED
-0.20291257757643044,1.0,0.0,1.0266588516586546,1,0,OLMSTED
-0.8267005508346518,0.0,1.0,1.0266588516586546,0,1,OLMSTED
-0.37765828545237173,1.0,0.0,1.0266588516586546,1,0,OLMSTED
1.2046668034652144,1.0,0.0,1.0266588516586546,1,0,OLMSTED
-1.9800173881061522,0.0,1.0,1.0266588516586546,0,1,OLMSTED
-0.28716231265594083,1.0,0.0,-0.19998941092514058,1,0,OTTER TAIL
-1.3218289199815803,0.0,1.0,-0.19998941092514058,0,1,OTTER TAIL
-0.581654177687176,0.0,1.0,-0.19998941092514058,0,1,OTTER TAIL
1.5000764714792625,1.0,0.0,-0.19998941092514058,1,0,OTTER TAIL
1.5591752690578897,0.0,1.0,-0.19998941092514058,0,1,OTTER TAIL
-0.08652580854024756,1.0,0.0,-0.19998941092514058,1,0,OTTER TAIL
0.2367000130631951,1.0,0.0,-0.19998941092514058,1,0,OTTER TAIL
0.11747008369455665,1.0,0.0,-0.19998941092514058,1,0,OTTER TAIL
0.08575046106006448,0.0,1.0,0.1579771899139914,0,1,PENNINGTON
0.6229911692832242,1.0,0.0,0.1579771899139914,1,0,PENNINGTON
-2.663384826853614,0.0,1.0,0.1579771899139914,0,1,PENNINGTON
0.20796605649098746,1.0,0.0,-0.08649909042620528,1,0,PINE
-0.24431101028263677,1.0,0.0,-0.08649909042620528,1,0,PINE
-0.6980409467233591,1.0,0.0,-0.08649909042620528,1,0,PINE
-1.2240858231774774,0.0,1.0,-0.08649909042620528,0,1,PINE
-1.2240858231774774,1.0,0.0,-0.08649909042620528,1,0,PINE
-0.9705297514034031,1.0,0.0,-0.08649909042620528,1,0,PINE
1.2046668034652144,1.0,0.0,1.6715166299489006,1,0,PIPESTONE
-0.8267005508346518,1.0,0.0,1.6715166299489006,1,0,PIPESTONE
1.510127036948982,1.0,0.0,1.6715166299489006,1,0,PIPESTONE
0.26477336003792934,0.0,1.0,1.6715166299489006,0,1,PIPESTONE
0.8317540297492089,1.0,0.0,1.0895441030405197,1,0,POLK
-1.0493401153015363,0.0,1.0,1.0895441030405197,0,1,POLK
-0.37765828545237173,0.0,1.0,1.0895441030405197,0,1,POLK
1.2301080739089278,1.0,0.0,1.0895441030405197,1,0,POLK
0.11747008369455665,1.0,0.0,1.1307277366759143,1,0,POPE
-0.014673507975896612,1.0,0.0,1.1307277366759143,1,0,POPE
0.814183412780508,1.0,0.0,-0.784235634515089,1,0,RAMSEY
0.05318488285925064,1.0,0.0,-0.784235634515089,1,0,RAMSEY
-0.5273724940915259,1.0,0.0,-0.784235634515089,1,0,RAMSEY
-0.3315721816877233,1.0,0.0,-0.784235634515089,1,0,RAMSEY
-0.581654177687176,1.0,0.0,-0.784235634515089,1,0,RAMSEY
0.849075409690583,1.0,0.0,-0.784235634515089,1,0,RAMSEY
-1.2240858231774774,1.0,0.0,-0.784235634515089,1,0,RAMSEY
0.11747008369455665,1.0,0.0,-0.784235634515089,1,0,RAMSEY
0.019726986890453622,1.0,0.0,-0.784235634515089,1,0,RAMSEY
0.2367000130631951,1.0,0.0,-0.784235634515089,1,0,RAMSEY
-0.8964987940414366,0.0,1.0,-0.784235634515089,0,1,RAMSEY
-0.24431101028263677,0.0,1.0,-0.784235634515089,0,1,RAMSEY
1.0972448965893973,1.0,0.0,-0.784235634515089,1,0,RAMSEY
0.703094425637916,1.0,0.0,-0.784235634515089,1,0,RAMSEY
0.4920297043373704,1.0,0.0,-0.784235634515089,1,0,RAMSEY
-0.28716231265594083,1.0,0.0,-0.784235634515089,1,0,RAMSEY
-1.2240858231774774,1.0,0.0,-0.784235634515089,1,0,RAMSEY
0.019726986890453622,1.0,0.0,-0.784235634515089,1,0,RAMSEY
0.5592652250691647,1.0,0.0,-0.784235634515089,1,0,RAMSEY
1.2914846505557027,0.0,1.0,-0.784235634515089,0,1,RAMSEY
0.5592652250691647,1.0,0.0,-0.784235634515089,1,0,RAMSEY
-1.2240858231774774,1.0,0.0,-0.784235634515089,1,0,RAMSEY
0.42087539568179066,1.0,0.0,-0.784235634515089,1,0,RAMSEY
0.17853964919926232,1.0,0.0,-0.784235634515089,1,0,RAMSEY
0.019726986890453622,1.0,0.0,-0.784235634515089,1,0,RAMSEY
-0.37765828545237173,1.0,0.0,-0.784235634515089,1,0,RAMSEY
-1.2240858231774774,1.0,0.0,-0.784235634515089,1,0,RAMSEY
-0.28716231265594083,1.0,0.0,-0.784235634515089,1,0,RAMSEY
-0.8267005508346518,1.0,0.0,-0.784235634515089,1,0,RAMSEY
-0.12410221367829775,1.0,0.0,-0.784235634515089,1,0,RAMSEY
-1.816957289128509,1.0,0.0,-0.784235634515089,1,0,RAMSEY
-1.4280817154122816,1.0,0.0,-0.784235634515089,1,0,RAMSEY
-0.6980409467233591,1.0,0.0,1.3640009706908574,1,0,REDWOOD
0.11747008369455665,1.0,0.0,1.3640009706908574,1,0,REDWOOD
1.1386433292956037,1.0,0.0,1.3640009706908574,1,0,REDWOOD
0.9160037648287193,1.0,0.0,1.3640009706908574,1,0,REDWOOD
2.1616243277229454,0.0,1.0,1.3640009706908574,0,1,REDWOOD
0.6636994992238764,1.0,0.0,1.403044317598275,1,0,RENVILLE
-0.581654177687176,1.0,0.0,1.403044317598275,1,0,RENVILLE
0.6229911692832242,0.0,1.0,1.403044317598275,0,1,RENVILLE
1.2426326638166267,1.0,0.0,0.8897086825556203,1,0,RICE
0.741258056952778,1.0,0.0,0.8897086825556203,1,0,RICE
0.34531706249699845,1.0,0.0,0.8897086825556203,1,0,RICE
0.5808788302069927,1.0,0.0,0.8897086825556203,1,0,RICE
2.057504522897706,1.0,0.0,0.8897086825556203,1,0,RICE
-0.42555214204331476,0.0,1.0,0.8897086825556203,0,1,RICE
-0.16287171789625993,1.0,0.0,0.8897086825556203,1,0,RICE
0.4687692522727338,1.0,0.0,0.8897086825556203,1,0,RICE
0.9638976214196626,1.0,0.0,0.8897086825556203,1,0,RICE
1.024967186924368,1.0,0.0,0.8897086825556203,1,0,RICE
0.37102615546863077,1.0,0.0,0.8897086825556203,1,0,RICE
1.0688450860888188,1.0,0.0,1.8068696470292607,1,0,ROCK
-0.8964987940414366,1.0,0.0,1.8068696470292607,1,0,ROCK
0.6636994992238764,0.0,1.0,-0.2200236107497652,0,1,ROSEAU
-1.3218289199815803,0.0,1.0,-0.2200236107497652,0,1,ROSEAU
1.4379713860387293,1.0,0.0,-0.2200236107497652,1,0,ROSEAU
0.26477336003792934,0.0,1.0,-0.2200236107497652,0,1,ROSEAU
0.05318488285925064,0.0,1.0,-0.2200236107497652,0,1,ROSEAU
1.3151967899978396,1.0,0.0,-0.2200236107497652,1,0,ROSEAU
-0.014673507975896612,0.0,1.0,-0.2200236107497652,0,1,ROSEAU
-0.12410221367829775,1.0,0.0,-0.2200236107497652,1,0,ROSEAU
0.05318488285925064,1.0,0.0,-0.2200236107497652,1,0,ROSEAU
-0.28716231265594083,1.0,0.0,-0.2200236107497652,1,0,ROSEAU
0.17853964919926232,1.0,0.0,-0.2200236107497652,1,0,ROSEAU
-1.2240858231774774,0.0,1.0,-0.2200236107497652,0,1,ROSEAU
-0.8267005508346518,0.0,1.0,-0.2200236107497652,0,1,ROSEAU
0.2367000130631951,0.0,1.0,-0.2200236107497652,0,1,ROSEAU
2.0765356116340343,0.0,1.0,0.5335832107551775,0,1,SCOTT
1.165482581358685,0.0,1.0,0.5335832107551775,0,1,SCOTT
-0.638461481234118,1.0,0.0,0.5335832107551775,1,0,SCOTT
1.4379713860387293,1.0,0.0,0.5335832107551775,1,0,SCOTT
1.3033982749174862,1.0,0.0,0.5335832107551775,1,0,SCOTT
-0.581654177687176,0.0,1.0,0.5335832107551775,0,1,SCOTT
-1.2240858231774774,1.0,0.0,0.5335832107551775,1,0,SCOTT
-0.08652580854024756,1.0,0.0,0.5335832107551775,1,0,SCOTT
-0.638461481234118,0.0,1.0,0.5335832107551775,0,1,SCOTT
0.26477336003792934,1.0,0.0,0.5335832107551775,1,0,SCOTT
-0.5273724940915259,1.0,0.0,0.5335832107551775,1,0,SCOTT
0.5372621647179738,1.0,0.0,0.5335832107551775,1,0,SCOTT
2.4007856928000177,1.0,0.0,0.5335832107551775,1,0,SCOTT
0.4687692522727338,1.0,0.0,-1.5110625416189467,1,0,SHERBURNE
-0.47540138225647494,1.0,0.0,-1.5110625416189467,1,0,SHERBURNE
-0.08652580854024756,1.0,0.0,-1.5110625416189467,1,0,SHERBURNE
-0.37765828545237173,1.0,0.0,-1.5110625416189467,1,0,SHERBURNE
-0.24431101028263677,1.0,0.0,-1.5110625416189467,1,0,SHERBURNE
-0.12410221367829775,1.0,0.0,-1.5110625416189467,1,0,SHERBURNE
-0.8964987940414366,1.0,0.0,-1.5110625416189467,1,0,SHERBURNE
0.37102615546863077,1.0,0.0,-1.5110625416189467,1,0,SHERBURNE
0.17853964919926232,1.0,0.0,1.0103960662987803,1,0,SIBLEY
0.44505711283059735,1.0,0.0,1.0103960662987803,1,0,SIBLEY
-0.9705297514034031,1.0,0.0,1.0103960662987803,1,0,SIBLEY
0.39620512609152125,1.0,0.0,1.0103960662987803,1,0,SIBLEY
-1.6731280885597575,1.0,0.0,-0.9393062078939548,1,0,ST LOUIS
-2.1682564577066863,0.0,1.0,-0.9393062078939548,0,1,ST LOUIS
-0.42555214204331476,1.0,0.0,-0.9393062078939548,1,0,ST LOUIS
-0.47540138225647494,1.0,0.0,-0.9393062078939548,1,0,ST LOUIS
0.34531706249699845,1.0,0.0,-0.9393062078939548,1,0,ST LOUIS
1.3947407897312847,1.0,0.0,-0.9393062078939548,1,0,ST LOUIS
1.762431302553825,1.0,0.0,-0.9393062078939548,1,0,ST LOUIS
1.0972448965893973,1.0,0.0,-0.9393062078939548,1,0,ST LOUIS
0.3190550436335794,1.0,0.0,-0.9393062078939548,1,0,ST LOUIS
-0.9705297514034031,1.0,0.0,-0.9393062078939548,1,0,ST LOUIS
0.14838659100174648,1.0,0.0,-0.9393062078939548,1,0,ST LOUIS
-0.7606770766650413,1.0,0.0,-0.9393062078939548,1,0,ST LOUIS
-0.8964987940414366,1.0,0.0,-0.9393062078939548,1,0,ST LOUIS
-2.1682564577066863,1.0,0.0,-0.9393062078939548,1,0,ST LOUIS
-2.3908960221735702,0.0,1.0,-0.9393062078939548,0,1,ST LOUIS
-2.1682564577066863,0.0,1.0,-0.9393062078939548,0,1,ST LOUIS
1.1112008977630348,1.0,0.0,-0.9393062078939548,1,0,ST LOUIS
-0.8964987940414366,0.0,1.0,-0.9393062078939548,0,1,ST LOUIS
-1.0493401153015363,1.0,0.0,-0.9393062078939548,1,0,ST LOUIS
1.1112008977630348,1.0,0.0,-0.9393062078939548,1,0,ST LOUIS
1.4056927627942701,1.0,0.0,-0.9393062078939548,1,0,ST LOUIS
-0.9705297514034031,1.0,0.0,-0.9393062078939548,1,0,ST LOUIS
-1.3218289199815803,1.0,0.0,-0.9393062078939548,1,0,ST LOUIS
-1.5444684844484646,0.0,1.0,-0.9393062078939548,0,1,ST LOUIS
-1.816957289128509,1.0,0.0,-0.9393062078939548,1,0,ST LOUIS
0.2367000130631951,1.0,0.0,-0.9393062078939548,1,0,ST LOUIS
-0.014673507975896612,1.0,0.0,-0.9393062078939548,1,0,ST LOUIS
-0.581654177687176,0.0,1.0,-0.9393062078939548,0,1,ST LOUIS
-0.20291257757643044,1.0,0.0,-0.9393062078939548,1,0,ST LOUIS
-0.7606770766650413,1.0,0.0,-0.9393062078939548,1,0,ST LOUIS
-0.7606770766650413,1.0,0.0,-0.9393062078939548,1,0,ST LOUIS
-0.42555214204331476,1.0,0.0,-0.9393062078939548,1,0,ST LOUIS
-0.8267005508346518,1.0,0.0,-0.9393062078939548,1,0,ST LOUIS
-1.6731280885597575,0.0,1.0,-0.9393062078939548,0,1,ST LOUIS
1.4694187070083302,1.0,0.0,-0.9393062078939548,1,0,ST LOUIS
-0.7606770766650413,1.0,0.0,-0.9393062078939548,1,0,ST LOUIS
-0.24431101028263677,1.0,0.0,-0.9393062078939548,1,0,ST LOUIS
0.019726986890453622,0.0,1.0,-0.9393062078939548,0,1,ST LOUIS
0.05318488285925064,1.0,0.0,-0.9393062078939548,1,0,ST LOUIS
0.019726986890453622,1.0,0.0,-0.9393062078939548,1,0,ST LOUIS
-0.16287171789625993,1.0,0.0,-0.9393062078939548,1,0,ST LOUIS
-0.08652580854024756,0.0,1.0,-0.9393062078939548,0,1,ST LOUIS
-0.12410221367829775,1.0,0.0,-0.9393062078939548,1,0,ST LOUIS
-0.05007125631633122,1.0,0.0,-0.9393062078939548,1,0,ST LOUIS
-0.8267005508346518,0.0,1.0,-0.9393062078939548,0,1,ST LOUIS
0.5808788302069927,1.0,0.0,-0.9393062078939548,1,0,ST LOUIS
-0.014673507975896612,1.0,0.0,-0.9393062078939548,1,0,ST LOUIS
-0.9705297514034031,1.0,0.0,-0.9393062078939548,1,0,ST LOUIS
2.699064031597348,1.0,0.0,-0.9393062078939548,1,0,ST LOUIS
-1.3218289199815803,1.0,0.0,-0.9393062078939548,1,0,ST LOUIS
-0.581654177687176,1.0,0.0,-0.9393062078939548,1,0,ST LOUIS
-1.6731280885597575,1.0,0.0,-0.9393062078939548,1,0,ST LOUIS
-0.9705297514034031,1.0,0.0,-0.9393062078939548,1,0,ST LOUIS
-1.1335898503810466,1.0,0.0,-0.9393062078939548,1,0,ST LOUIS
-0.12410221367829775,1.0,0.0,-0.9393062078939548,1,0,ST LOUIS
0.8829980580193753,1.0,0.0,-0.9393062078939548,1,0,ST LOUIS
-1.0493401153015363,1.0,0.0,-0.9393062078939548,1,0,ST LOUIS
-1.1335898503810466,1.0,0.0,-0.9393062078939548,1,0,ST LOUIS
-0.9705297514034031,1.0,0.0,-0.9393062078939548,1,0,ST LOUIS
0.44505711283059735,1.0,0.0,-0.9393062078939548,1,0,ST LOUIS
-0.47540138225647494,1.0,0.0,-0.9393062078939548,1,0,ST LOUIS
-0.42555214204331476,1.0,0.0,-0.9393062078939548,1,0,ST LOUIS
-1.2240858231774774,1.0,0.0,-0.9393062078939548,1,0,ST LOUIS
0.5372621647179738,1.0,0.0,-0.9393062078939548,1,0,ST LOUIS
-1.3218289199815803,1.0,0.0,-0.9393062078939548,1,0,ST LOUIS
-1.0493401153015363,1.0,0.0,-0.9393062078939548,1,0,ST LOUIS
0.8829980580193753,0.0,1.0,-0.9393062078939548,0,1,ST LOUIS
-1.3218289199815803,1.0,0.0,-0.9393062078939548,1,0,ST LOUIS
-0.05007125631633122,1.0,0.0,-0.9393062078939548,1,0,ST LOUIS
-0.08652580854024756,1.0,0.0,-0.9393062078939548,1,0,ST LOUIS
-0.9705297514034031,1.0,0.0,-0.9393062078939548,1,0,ST LOUIS
0.05318488285925064,1.0,0.0,-0.9393062078939548,1,0,ST LOUIS
-1.6731280885597575,1.0,0.0,-0.9393062078939548,1,0,ST LOUIS
-0.8964987940414366,1.0,0.0,-0.9393062078939548,1,0,ST LOUIS
-1.0493401153015363,1.0,0.0,-0.9393062078939548,1,0,ST LOUIS
-0.28716231265594083,1.0,0.0,-0.9393062078939548,1,0,ST LOUIS
-0.05007125631633122,1.0,0.0,-0.9393062078939548,1,0,ST LOUIS
-1.5444684844484646,1.0,0.0,-0.9393062078939548,1,0,ST LOUIS
-1.9800173881061522,1.0,0.0,-0.9393062078939548,1,0,ST LOUIS
-0.638461481234118,1.0,0.0,-0.9393062078939548,1,0,ST LOUIS
-0.6980409467233591,1.0,0.0,-0.9393062078939548,1,0,ST LOUIS
-1.5444684844484646,1.0,0.0,-0.9393062078939548,1,0,ST LOUIS
0.5372621647179738,1.0,0.0,-0.9393062078939548,1,0,ST LOUIS
-0.9705297514034031,1.0,0.0,-0.9393062078939548,1,0,ST LOUIS
-0.12410221367829775,1.0,0.0,-0.9393062078939548,1,0,ST LOUIS
-0.7606770766650413,1.0,0.0,-0.9393062078939548,1,0,ST LOUIS
-1.5444684844484646,0.0,1.0,-0.9393062078939548,0,1,ST LOUIS
-0.05007125631633122,1.0,0.0,-0.9393062078939548,1,0,ST LOUIS
-0.8267005508346518,1.0,0.0,-0.9393062078939548,1,0,ST LOUIS
-0.12410221367829775,1.0,0.0,-0.9393062078939548,1,0,ST LOUIS
-1.816957289128509,0.0,1.0,-0.9393062078939548,0,1,ST LOUIS
0.26477336003792934,1.0,0.0,-0.9393062078939548,1,0,ST LOUIS
-1.0493401153015363,1.0,0.0,-0.9393062078939548,1,0,ST LOUIS
-0.7606770766650413,1.0,0.0,-0.9393062078939548,1,0,ST LOUIS
-0.9705297514034031,1.0,0.0,-0.9393062078939548,1,0,ST LOUIS
-0.5273724940915259,0.0,1.0,-0.9393062078939548,0,1,ST LOUIS
-0.42555214204331476,1.0,0.0,-0.9393062078939548,1,0,ST LOUIS
-0.28716231265594083,1.0,0.0,-0.9393062078939548,1,0,ST LOUIS
-0.8267005508346518,1.0,0.0,-0.9393062078939548,1,0,ST LOUIS
-1.3218289199815803,0.0,1.0,-0.9393062078939548,0,1,ST LOUIS
-0.7606770766650413,0.0,1.0,-0.9393062078939548,0,1,ST LOUIS
-3.014683995431792,1.0,0.0,-0.9393062078939548,1,0,ST LOUIS
-0.5273724940915259,1.0,0.0,-0.9393062078939548,1,0,ST LOUIS
0.34531706249699845,1.0,0.0,-0.9393062078939548,1,0,ST LOUIS
-0.581654177687176,1.0,0.0,-0.9393062078939548,1,0,ST LOUIS
-0.638461481234118,1.0,0.0,-0.9393062078939548,1,0,ST LOUIS
-1.816957289128509,1.0,0.0,-0.9393062078939548,1,0,ST LOUIS
0.741258056952778,1.0,0.0,-0.9393062078939548,1,0,ST LOUIS
-0.16287171789625993,1.0,0.0,-0.9393062078939548,1,0,ST LOUIS
-0.638461481234118,1.0,0.0,-0.9393062078939548,1,0,ST LOUIS
-1.5444684844484646,1.0,0.0,-0.9393062078939548,1,0,ST LOUIS
-0.05007125631633122,1.0,0.0,-0.9393062078939548,1,0,ST LOUIS
-0.7606770766650413,1.0,0.0,-0.9393062078939548,1,0,ST LOUIS
-0.7606770766650413,1.0,0.0,-0.9393062078939548,1,0,ST LOUIS
-0.5273724940915259,1.0,0.0,-0.9393062078939548,1,0,ST LOUIS
0.26477336003792934,1.0,0.0,-0.9393062078939548,1,0,ST LOUIS
0.9321779987851696,1.0,0.0,0.6795050530691477,1,0,STEARNS
0.741258056952778,1.0,0.0,0.6795050530691477,1,0,STEARNS
1.0543935942160931,1.0,0.0,0.6795050530691477,1,0,STEARNS
-0.581654177687176,1.0,0.0,0.6795050530691477,1,0,STEARNS
-0.05007125631633122,1.0,0.0,0.6795050530691477,1,0,STEARNS
-1.1335898503810466,1.0,0.0,0.6795050530691477,1,0,STEARNS
0.44505711283059735,1.0,0.0,0.6795050530691477,1,0,STEARNS
-1.4280817154122816,0.0,1.0,0.6795050530691477,0,1,STEARNS
0.849075409690583,1.0,0.0,0.6795050530691477,1,0,STEARNS
0.6021165274424689,1.0,0.0,0.6795050530691477,1,0,STEARNS
1.2914846505557027,1.0,0.0,0.6795050530691477,1,0,STEARNS
0.7782650347962256,1.0,0.0,0.6795050530691477,1,0,STEARNS
-0.3315721816877233,0.0,1.0,0.6795050530691477,0,1,STEARNS
-0.05007125631633122,1.0,0.0,0.6795050530691477,1,0,STEARNS
-0.9705297514034031,0.0,1.0,0.6795050530691477,0,1,STEARNS
0.44505711283059735,1.0,0.0,0.6795050530691477,1,0,STEARNS
0.9160037648287193,1.0,0.0,0.6795050530691477,1,0,STEARNS
1.7294255957444808,1.0,0.0,0.6795050530691477,1,0,STEARNS
-0.7606770766650413,1.0,0.0,0.6795050530691477,1,0,STEARNS
0.9160037648287193,1.0,0.0,0.6795050530691477,1,0,STEARNS
-0.3315721816877233,1.0,0.0,0.6795050530691477,1,0,STEARNS
0.08575046106006448,1.0,0.0,0.6795050530691477,1,0,STEARNS
-0.6980409467233591,1.0,0.0,0.6795050530691477,1,0,STEARNS
-0.5273724940915259,0.0,1.0,0.6795050530691477,0,1,STEARNS
0.44505711283059735,1.0,0.0,0.6795050530691477,1,0,STEARNS
0.8996124205843559,1.0,0.0,1.0996629719146904,1,0,STEELE
0.08575046106006448,1.0,0.0,1.0996629719146904,1,0,STEELE
-0.20291257757643044,1.0,0.0,1.0996629719146904,1,0,STEELE
0.2922157915704981,1.0,0.0,1.0996629719146904,1,0,STEELE
1.0688450860888188,1.0,0.0,1.0996629719146904,1,0,STEELE
0.4687692522727338,1.0,0.0,1.0996629719146904,1,0,STEELE
0.05318488285925064,1.0,0.0,1.0996629719146904,1,0,STEELE
-0.9705297514034031,1.0,0.0,1.0996629719146904,1,0,STEELE
1.0972448965893973,1.0,0.0,1.0996629719146904,1,0,STEELE
1.349923399650785,1.0,0.0,1.0996629719146904,1,0,STEELE
1.009983725184311,1.0,0.0,1.6500836916140005,1,0,STEVENS
0.3190550436335794,1.0,0.0,1.6500836916140005,1,0,STEVENS
-0.16287171789625993,1.0,0.0,1.2262584807069288,1,0,SWIFT
-0.42555214204331476,1.0,0.0,1.2262584807069288,1,0,SWIFT
-0.9705297514034031,1.0,0.0,1.2262584807069288,1,0,SWIFT
0.39620512609152125,1.0,0.0,1.2262584807069288,1,0,SWIFT
0.814183412780508,1.0,0.0,0.23243818377109393,1,0,TODD
-0.581654177687176,1.0,0.0,0.23243818377109393,1,0,TODD
0.6636994992238764,0.0,1.0,0.23243818377109393,0,1,TODD
-0.20291257757643044,0.0,1.0,1.7235273555281796,0,1,TRAVERSE
0.7963562814087745,1.0,0.0,1.7235273555281796,1,0,TRAVERSE
2.0765356116340343,1.0,0.0,1.7235273555281796,1,0,TRAVERSE
0.17853964919926232,1.0,0.0,1.7235273555281796,1,0,TRAVERSE
0.643514960148675,1.0,0.0,0.7717665285481743,1,0,WABASHA
1.1521366910201962,1.0,0.0,0.7717665285481743,1,0,WABASHA
1.0688450860888188,1.0,0.0,0.7717665285481743,1,0,WABASHA
-1.3218289199815803,0.0,1.0,0.7717665285481743,0,1,WABASHA
-0.12410221367829775,1.0,0.0,0.7717665285481743,1,0,WABASHA
1.4485440651675747,1.0,0.0,0.7717665285481743,1,0,WABASHA
1.2301080739089278,1.0,0.0,0.7717665285481743,1,0,WABASHA
-0.20291257757643044,1.0,0.0,-1.4798219038869718,1,0,WADENA
-1.816957289128509,0.0,1.0,-1.4798219038869718,0,1,WADENA
-0.08652580854024756,0.0,1.0,-1.4798219038869718,0,1,WADENA
0.37102615546863077,1.0,0.0,-1.4798219038869718,1,0,WADENA
0.39620512609152125,1.0,0.0,-1.4798219038869718,1,0,WADENA
-2.3908960221735702,1.0,0.0,0.9424798777302782,1,0,WASECA
1.1917446002221044,1.0,0.0,0.9424798777302782,1,0,WASECA
-0.8267005508346518,1.0,0.0,0.9424798777302782,1,0,WASECA
-1.5444684844484646,0.0,1.0,0.9424798777302782,0,1,WASECA
1.3033982749174862,1.0,0.0,-0.043204687700802,1,0,WASHINGTON
0.9638976214196626,1.0,0.0,-0.043204687700802,1,0,WASHINGTON
-0.5273724940915259,1.0,0.0,-0.043204687700802,1,0,WASHINGTON
0.7599017291848579,1.0,0.0,-0.043204687700802,1,0,WASHINGTON
1.5200955560712963,1.0,0.0,-0.043204687700802,1,0,WASHINGTON
0.34531706249699845,1.0,0.0,-0.043204687700802,1,0,WASHINGTON
0.703094425637916,1.0,0.0,-0.043204687700802,1,0,WASHINGTON
0.7599017291848579,1.0,0.0,-0.043204687700802,1,0,WASHINGTON
-0.24431101028263677,1.0,0.0,-0.043204687700802,1,0,WASHINGTON
-0.6980409467233591,1.0,0.0,-0.043204687700802,1,0,WASHINGTON
-1.2240858231774774,0.0,1.0,-0.043204687700802,0,1,WASHINGTON
-0.42555214204331476,1.0,0.0,-0.043204687700802,1,0,WASHINGTON
-1.4280817154122816,1.0,0.0,-0.043204687700802,1,0,WASHINGTON
-1.2240858231774774,0.0,1.0,-0.043204687700802,0,1,WASHINGTON
-0.8964987940414366,1.0,0.0,-0.043204687700802,1,0,WASHINGTON
-1.6731280885597575,1.0,0.0,-0.043204687700802,1,0,WASHINGTON
-0.8267005508346518,1.0,0.0,-0.043204687700802,1,0,WASHINGTON
0.37102615546863077,1.0,0.0,-0.043204687700802,1,0,WASHINGTON
-0.8267005508346518,0.0,1.0,-0.043204687700802,0,1,WASHINGTON
-0.05007125631633122,1.0,0.0,-0.043204687700802,1,0,WASHINGTON
-1.6731280885597575,0.0,1.0,-0.043204687700802,0,1,WASHINGTON
1.2550300983317868,1.0,0.0,-0.043204687700802,1,0,WASHINGTON
0.5148553560373822,1.0,0.0,-0.043204687700802,1,0,WASHINGTON
1.0831275507883005,1.0,0.0,-0.043204687700802,1,0,WASHINGTON
-0.6980409467233591,1.0,0.0,-0.043204687700802,1,0,WASHINGTON
0.7782650347962256,1.0,0.0,-0.043204687700802,1,0,WASHINGTON
0.11747008369455665,1.0,0.0,-0.043204687700802,1,0,WASHINGTON
0.643514960148675,1.0,0.0,-0.043204687700802,1,0,WASHINGTON
0.42087539568179066,1.0,0.0,-0.043204687700802,1,0,WASHINGTON
-0.37765828545237173,0.0,1.0,-0.043204687700802,0,1,WASHINGTON
1.361282893762488,1.0,0.0,-0.043204687700802,1,0,WASHINGTON
-0.42555214204331476,1.0,0.0,-0.043204687700802,1,0,WASHINGTON
-0.581654177687176,1.0,0.0,-0.043204687700802,1,0,WASHINGTON
0.37102615546863077,1.0,0.0,-0.043204687700802,1,0,WASHINGTON
0.08575046106006448,1.0,0.0,-0.043204687700802,1,0,WASHINGTON
1.6337716984425321,1.0,0.0,-0.043204687700802,1,0,WASHINGTON
-0.20291257757643044,1.0,0.0,-0.043204687700802,1,0,WASHINGTON
0.26477336003792934,1.0,0.0,-0.043204687700802,1,0,WASHINGTON
0.11747008369455665,1.0,0.0,-0.043204687700802,1,0,WASHINGTON
-0.7606770766650413,1.0,0.0,-0.043204687700802,1,0,WASHINGTON
-0.9705297514034031,1.0,0.0,-0.043204687700802,1,0,WASHINGTON
-0.7606770766650413,1.0,0.0,-0.043204687700802,1,0,WASHINGTON
-1.1335898503810466,1.0,0.0,-0.043204687700802,1,0,WASHINGTON
0.7782650347962256,1.0,0.0,-0.043204687700802,1,0,WASHINGTON
2.1438835293295178,1.0,0.0,-0.043204687700802,1,0,WASHINGTON
0.6636994992238764,1.0,0.0,-0.043204687700802,1,0,WASHINGTON
1.6694278610916546,1.0,0.0,0.8625720082697393,1,0,WATONWAN
1.3033982749174862,0.0,1.0,0.8625720082697393,0,1,WATONWAN
0.6021165274424689,0.0,1.0,0.8625720082697393,0,1,WATONWAN
1.1917446002221044,1.0,0.0,1.0071751484776852,1,0,WILKIN
-0.014673507975896612,1.0,0.0,1.6293607795862075,1,0,WINONA
0.20796605649098746,1.0,0.0,1.6293607795862075,1,0,WINONA
1.459025990566591,1.0,0.0,1.6293607795862075,1,0,WINONA
0.8829980580193753,1.0,0.0,1.6293607795862075,1,0,WINONA
0.37102615546863077,1.0,0.0,1.6293607795862075,1,0,WINONA
-0.7606770766650413,0.0,1.0,1.6293607795862075,0,1,WINONA
-1.816957289128509,0.0,1.0,1.6293607795862075,0,1,WINONA
0.37102615546863077,1.0,0.0,1.6293607795862075,1,0,WINONA
1.3033982749174862,1.0,0.0,1.6293607795862075,1,0,WINONA
1.4273063679320985,1.0,0.0,1.6293607795862075,1,0,WINONA
0.9481407987853919,1.0,0.0,1.6293607795862075,1,0,WINONA
1.4797237201562368,1.0,0.0,1.6293607795862075,1,0,WINONA
-2.1682564577066863,0.0,1.0,1.6293607795862075,0,1,WINONA
0.7963562814087745,1.0,0.0,0.11416592187938693,1,0,WRIGHT
0.5148553560373822,1.0,0.0,0.11416592187938693,1,0,WRIGHT
-0.12410221367829775,1.0,0.0,0.11416592187938693,1,0,WRIGHT
-0.581654177687176,1.0,0.0,0.11416592187938693,1,0,WRIGHT
0.8996124205843559,1.0,0.0,0.11416592187938693,1,0,WRIGHT
0.4687692522727338,1.0,0.0,0.11416592187938693,1,0,WRIGHT
-0.5273724940915259,1.0,0.0,0.11416592187938693,1,0,WRIGHT
-0.47540138225647494,0.0,1.0,0.11416592187938693,0,1,WRIGHT
1.8412416664519575,1.0,0.0,0.11416592187938693,1,0,WRIGHT
1.2174536931937365,1.0,0.0,0.11416592187938693,1,0,WRIGHT
0.741258056952778,1.0,0.0,0.11416592187938693,1,0,WRIGHT
0.3190550436335794,1.0,0.0,0.11416592187938693,1,0,WRIGHT
0.44505711283059735,1.0,0.0,0.11416592187938693,1,0,WRIGHT
0.08575046106006448,1.0,0.0,1.3337777182060977,1,0,YELLOW MEDICINE
-0.20291257757643044,1.0,0.0,1.3337777182060977,1,0,YELLOW MEDICINE
